{
    "best_params": {
        "min_samples_leaf": 1,
        "n_estimators": 300
    },
    "best_score": 0.8911801669066253,
    "test_accuracy": 0.8705357142857143,
    "classification_report": {
        "0": {
            "precision": 0.9190600522193212,
            "recall": 0.9287598944591029,
            "f1-score": 0.9238845144356955,
            "support": 379.0
        },
        "1": {
            "precision": 0.5846153846153846,
            "recall": 0.5507246376811594,
            "f1-score": 0.5671641791044776,
            "support": 69.0
        },
        "accuracy": 0.8705357142857143,
        "macro avg": {
            "precision": 0.7518377184173529,
            "recall": 0.7397422660701312,
            "f1-score": 0.7455243467700865,
            "support": 448.0
        },
        "weighted avg": {
            "precision": 0.8675496011821078,
            "recall": 0.8705357142857143,
            "f1-score": 0.8689432127887,
            "support": 448.0
        }
    },
    "f1": 0.5671641791044776
}