{
    "best_params": {
        "n_neighbors": 7
    },
    "best_score": 0.8722103643449503,
    "test_accuracy": 0.84375,
    "classification_report": {
        "0": {
            "precision": 0.8669833729216152,
            "recall": 0.9630606860158312,
            "f1-score": 0.9125,
            "support": 379.0
        },
        "1": {
            "precision": 0.48148148148148145,
            "recall": 0.18840579710144928,
            "f1-score": 0.2708333333333333,
            "support": 69.0
        },
        "accuracy": 0.84375,
        "macro avg": {
            "precision": 0.6742324272015483,
            "recall": 0.5757332415586403,
            "f1-score": 0.5916666666666667,
            "support": 448.0
        },
        "weighted avg": {
            "precision": 0.8076091976774874,
            "recall": 0.84375,
            "f1-score": 0.8136718749999999,
            "support": 448.0
        }
    }
}