{
    "best_params": {
        "n_neighbors": 20
    },
    "best_score": 0.8749946312760383,
    "test_accuracy": 0.8616071428571429,
    "classification_report": {
        "0": {
            "precision": 0.8711943793911007,
            "recall": 0.9815303430079155,
            "f1-score": 0.9230769230769231,
            "support": 379.0
        },
        "1": {
            "precision": 0.6666666666666666,
            "recall": 0.2028985507246377,
            "f1-score": 0.3111111111111111,
            "support": 69.0
        },
        "accuracy": 0.8616071428571429,
        "macro avg": {
            "precision": 0.7689305230288837,
            "recall": 0.5922144468662767,
            "f1-score": 0.6170940170940171,
            "support": 448.0
        },
        "weighted avg": {
            "precision": 0.8396934593509534,
            "recall": 0.8616071428571429,
            "f1-score": 0.82882326007326,
            "support": 448.0
        }
    }
}