{
    "best_params": {
        "kernel": "rbf",
        "gamma": "auto",
        "C": 10
    },
    "best_score": 0.887828215772284,
    "test_accuracy": 0.859375,
    "classification_report": {
        "0": {
            "precision": 0.8872549019607843,
            "recall": 0.9551451187335093,
            "f1-score": 0.9199491740787802,
            "support": 379.0
        },
        "1": {
            "precision": 0.575,
            "recall": 0.3333333333333333,
            "f1-score": 0.42201834862385323,
            "support": 69.0
        },
        "accuracy": 0.859375,
        "macro avg": {
            "precision": 0.7311274509803921,
            "recall": 0.6442392260334213,
            "f1-score": 0.6709837613513168,
            "support": 448.0
        },
        "weighted avg": {
            "precision": 0.8391620710784313,
            "recall": 0.859375,
            "f1-score": 0.8432589353368384,
            "support": 448.0
        }
    }
}