{
    "test_accuracy": 0.8526785714285714,
    "classification_report": {
        "0": {
            "precision": 0.8665105386416861,
            "recall": 0.9762532981530343,
            "f1-score": 0.9181141439205955,
            "support": 379.0
        },
        "1": {
            "precision": 0.5714285714285714,
            "recall": 0.17391304347826086,
            "f1-score": 0.26666666666666666,
            "support": 69.0
        },
        "accuracy": 0.8526785714285714,
        "macro avg": {
            "precision": 0.7189695550351287,
            "recall": 0.5750831708156476,
            "f1-score": 0.5923904052936311,
            "support": 448.0
        },
        "weighted avg": {
            "precision": 0.8210626463700235,
            "recall": 0.8526785714285714,
            "f1-score": 0.8177795994328252,
            "support": 448.0
        }
    }
}