{
    "accuracy": 0.8392857142857143,
    "classification_report": {
        "0": {
            "precision": 0.8734793187347932,
            "recall": 0.9472295514511874,
            "f1-score": 0.9088607594936708,
            "support": 379.0
        },
        "1": {
            "precision": 0.4594594594594595,
            "recall": 0.2463768115942029,
            "f1-score": 0.32075471698113206,
            "support": 69.0
        },
        "accuracy": 0.8392857142857143,
        "macro avg": {
            "precision": 0.6664693890971264,
            "recall": 0.5968031815226952,
            "f1-score": 0.6148077382374014,
            "support": 448.0
        },
        "weighted avg": {
            "precision": 0.8097128671946191,
            "recall": 0.8392857142857143,
            "f1-score": 0.8182819270531236,
            "support": 448.0
        }
    }
}