{
    "test_accuracy": 0.875,
    "classification_report": {
        "0": {
            "precision": 0.8929440389294404,
            "recall": 0.9683377308707124,
            "f1-score": 0.9291139240506329,
            "support": 379.0
        },
        "1": {
            "precision": 0.6756756756756757,
            "recall": 0.36231884057971014,
            "f1-score": 0.4716981132075472,
            "support": 69.0
        },
        "accuracy": 0.875,
        "macro avg": {
            "precision": 0.784309857302558,
            "recall": 0.6653282857252113,
            "f1-score": 0.70040601862909,
            "support": 448.0
        },
        "weighted avg": {
            "precision": 0.8594808311961596,
            "recall": 0.875,
            "f1-score": 0.8586637210413184,
            "support": 448.0
        }
    }
}