{
    "test_accuracy": 0.8794642857142857,
    "classification_report": {
        "0": {
            "precision": 0.8953771289537713,
            "recall": 0.9709762532981531,
            "f1-score": 0.9316455696202531,
            "support": 379.0
        },
        "1": {
            "precision": 0.7027027027027027,
            "recall": 0.37681159420289856,
            "f1-score": 0.49056603773584906,
            "support": 69.0
        },
        "accuracy": 0.8794642857142857,
        "macro avg": {
            "precision": 0.7990399158282371,
            "recall": 0.6738939237505258,
            "f1-score": 0.7111058036780511,
            "support": 448.0
        },
        "weighted avg": {
            "precision": 0.8657018266963522,
            "recall": 0.8794642857142857,
            "f1-score": 0.8637114452898427,
            "support": 448.0
        }
    }
}