{
    "test_accuracy": 0.8727678571428571,
    "classification_report": {
        "0": {
            "precision": 0.8870192307692307,
            "recall": 0.9736147757255936,
            "f1-score": 0.9283018867924528,
            "support": 379.0
        },
        "1": {
            "precision": 0.6875,
            "recall": 0.3188405797101449,
            "f1-score": 0.43564356435643564,
            "support": 69.0
        },
        "accuracy": 0.8727678571428571,
        "macro avg": {
            "precision": 0.7872596153846154,
            "recall": 0.6462276777178693,
            "f1-score": 0.6819727255744442,
            "support": 448.0
        },
        "weighted avg": {
            "precision": 0.8562897063873626,
            "recall": 0.8727678571428571,
            "f1-score": 0.8524237076672626,
            "support": 448.0
        }
    }
}