{
    "test_accuracy": 0.6649214659685864,
    "classification_report": {
        "0": {
            "precision": 0.6144578313253012,
            "recall": 0.6144578313253012,
            "f1-score": 0.6144578313253012,
            "support": 83.0
        },
        "1": {
            "precision": 0.7037037037037037,
            "recall": 0.7037037037037037,
            "f1-score": 0.7037037037037037,
            "support": 108.0
        },
        "accuracy": 0.6649214659685864,
        "macro avg": {
            "precision": 0.6590807675145025,
            "recall": 0.6590807675145025,
            "f1-score": 0.6590807675145025,
            "support": 191.0
        },
        "weighted avg": {
            "precision": 0.6649214659685864,
            "recall": 0.6649214659685864,
            "f1-score": 0.6649214659685864,
            "support": 191.0
        }
    }
}