{
    "test_accuracy": 0.5916230366492147,
    "classification_report": {
        "0": {
            "precision": 0.5409836065573771,
            "recall": 0.39759036144578314,
            "f1-score": 0.4583333333333333,
            "support": 83.0
        },
        "1": {
            "precision": 0.6153846153846154,
            "recall": 0.7407407407407407,
            "f1-score": 0.6722689075630253,
            "support": 108.0
        },
        "accuracy": 0.5916230366492147,
        "macro avg": {
            "precision": 0.5781841109709962,
            "recall": 0.569165551093262,
            "f1-score": 0.5653011204481793,
            "support": 191.0
        },
        "weighted avg": {
            "precision": 0.5830532869413653,
            "recall": 0.5916230366492147,
            "f1-score": 0.5793021397040492,
            "support": 191.0
        }
    }
}