{
    "best_params": {
        "learning_rate": 0.05
    },
    "best_score": 0.6377952755905512,
    "test_accuracy": 0.6178010471204188,
    "classification_report": {
        "0": {
            "precision": 0.5510204081632653,
            "recall": 0.6506024096385542,
            "f1-score": 0.5966850828729282,
            "support": 83.0
        },
        "1": {
            "precision": 0.6881720430107527,
            "recall": 0.5925925925925926,
            "f1-score": 0.6368159203980099,
            "support": 108.0
        },
        "accuracy": 0.6178010471204188,
        "macro avg": {
            "precision": 0.619596225587009,
            "recall": 0.6215975011155734,
            "f1-score": 0.6167505016354691,
            "support": 191.0
        },
        "weighted avg": {
            "precision": 0.6285721179199597,
            "recall": 0.6178010471204188,
            "f1-score": 0.6193768653478435,
            "support": 191.0
        }
    },
    "f1": 0.6368159203980099
}