{
    "test_accuracy": 0.6544502617801047,
    "classification_report": {
        "0": {
            "precision": 0.6075949367088608,
            "recall": 0.5783132530120482,
            "f1-score": 0.5925925925925926,
            "support": 83.0
        },
        "1": {
            "precision": 0.6875,
            "recall": 0.7129629629629629,
            "f1-score": 0.7,
            "support": 108.0
        },
        "accuracy": 0.6544502617801047,
        "macro avg": {
            "precision": 0.6475474683544304,
            "recall": 0.6456381079875055,
            "f1-score": 0.6462962962962963,
            "support": 191.0
        },
        "weighted avg": {
            "precision": 0.6527768573132746,
            "recall": 0.6544502617801047,
            "f1-score": 0.6533255768857863,
            "support": 191.0
        }
    }
}