{
    "best_params": {
        "n_neighbors": 15
    },
    "best_score": 0.5879265091863518,
    "test_accuracy": 0.5497382198952879,
    "classification_report": {
        "0": {
            "precision": 0.4745762711864407,
            "recall": 0.3373493975903614,
            "f1-score": 0.39436619718309857,
            "support": 83.0
        },
        "1": {
            "precision": 0.5833333333333334,
            "recall": 0.7129629629629629,
            "f1-score": 0.6416666666666667,
            "support": 108.0
        },
        "accuracy": 0.5497382198952879,
        "macro avg": {
            "precision": 0.528954802259887,
            "recall": 0.5251561802766622,
            "f1-score": 0.5180164319248827,
            "support": 191.0
        },
        "weighted avg": {
            "precision": 0.536072411039134,
            "recall": 0.5497382198952879,
            "f1-score": 0.5342010176240691,
            "support": 191.0
        }
    }
}