{
    "test_accuracy": 0.5706806282722513,
    "classification_report": {
        "0": {
            "precision": 0.5072463768115942,
            "recall": 0.42168674698795183,
            "f1-score": 0.4605263157894737,
            "support": 83.0
        },
        "1": {
            "precision": 0.6065573770491803,
            "recall": 0.6851851851851852,
            "f1-score": 0.6434782608695652,
            "support": 108.0
        },
        "accuracy": 0.5706806282722513,
        "macro avg": {
            "precision": 0.5569018769303873,
            "recall": 0.5534359660865685,
            "f1-score": 0.5520022883295195,
            "support": 191.0
        },
        "weighted avg": {
            "precision": 0.5634012879407005,
            "recall": 0.5706806282722513,
            "f1-score": 0.5639755831646039,
            "support": 191.0
        }
    }
}