{
    "test_accuracy": 0.6649214659685864,
    "classification_report": {
        "0": {
            "precision": 0.6091954022988506,
            "recall": 0.6385542168674698,
            "f1-score": 0.6235294117647059,
            "support": 83.0
        },
        "1": {
            "precision": 0.7115384615384616,
            "recall": 0.6851851851851852,
            "f1-score": 0.6981132075471698,
            "support": 108.0
        },
        "accuracy": 0.6649214659685864,
        "macro avg": {
            "precision": 0.660366931918656,
            "recall": 0.6618697010263275,
            "f1-score": 0.6608213096559379,
            "support": 191.0
        },
        "weighted avg": {
            "precision": 0.6670647761097301,
            "recall": 0.6649214659685864,
            "f1-score": 0.6657024481233765,
            "support": 191.0
        }
    },
    "f1": 0.6981132075471698
}