{
    "test_accuracy": 0.8705357142857143,
    "classification_report": {
        "0": {
            "precision": 0.883054892601432,
            "recall": 0.9762532981530343,
            "f1-score": 0.9273182957393483,
            "support": 379.0
        },
        "1": {
            "precision": 0.6896551724137931,
            "recall": 0.2898550724637681,
            "f1-score": 0.40816326530612246,
            "support": 69.0
        },
        "accuracy": 0.8705357142857143,
        "macro avg": {
            "precision": 0.7863550325076125,
            "recall": 0.6330541853084012,
            "f1-score": 0.6677407805227353,
            "support": 448.0
        },
        "weighted avg": {
            "precision": 0.8532678821261037,
            "recall": 0.8705357142857143,
            "f1-score": 0.8473591504270882,
            "support": 448.0
        }
    }
}