{
    "test_accuracy": 0.8683035714285714,
    "classification_report": {
        "0": {
            "precision": 0.8846153846153846,
            "recall": 0.9709762532981531,
            "f1-score": 0.9257861635220126,
            "support": 379.0
        },
        "1": {
            "precision": 0.65625,
            "recall": 0.30434782608695654,
            "f1-score": 0.4158415841584158,
            "support": 69.0
        },
        "accuracy": 0.8683035714285714,
        "macro avg": {
            "precision": 0.7704326923076923,
            "recall": 0.6376620396925547,
            "f1-score": 0.6708138738402142,
            "support": 448.0
        },
        "weighted avg": {
            "precision": 0.8494430374313187,
            "recall": 0.8683035714285714,
            "f1-score": 0.8472455921468158,
            "support": 448.0
        }
    }
}