{
    "accuracy": 0.8482142857142857,
    "classification_report": {
        "0": {
            "precision": 0.8542141230068337,
            "recall": 0.9894459102902374,
            "f1-score": 0.9168704156479217,
            "support": 379.0
        },
        "1": {
            "precision": 0.5555555555555556,
            "recall": 0.07246376811594203,
            "f1-score": 0.1282051282051282,
            "support": 69.0
        },
        "accuracy": 0.8482142857142857,
        "macro avg": {
            "precision": 0.7048848392811946,
            "recall": 0.5309548392030897,
            "f1-score": 0.522537771926525,
            "support": 448.0
        },
        "weighted avg": {
            "precision": 0.8082153704306324,
            "recall": 0.8482142857142857,
            "f1-score": 0.7954018780730273,
            "support": 448.0
        }
    }
}