{
    "test_accuracy": 0.875,
    "classification_report": {
        "0": {
            "precision": 0.9027431421446384,
            "recall": 0.9551451187335093,
            "f1-score": 0.9282051282051282,
            "support": 379.0
        },
        "1": {
            "precision": 0.6382978723404256,
            "recall": 0.43478260869565216,
            "f1-score": 0.5172413793103449,
            "support": 69.0
        },
        "accuracy": 0.875,
        "macro avg": {
            "precision": 0.770520507242532,
            "recall": 0.6949638637145807,
            "f1-score": 0.7227232537577366,
            "support": 448.0
        },
        "weighted avg": {
            "precision": 0.8620138483578287,
            "recall": 0.875,
            "f1-score": 0.8649093722369584,
            "support": 448.0
        }
    },
    "f1": 0.5172413793103449
}