{
    "test_accuracy": 0.8727678571428571,
    "classification_report": {
        "0": {
            "precision": 0.9045226130653267,
            "recall": 0.9498680738786279,
            "f1-score": 0.9266409266409267,
            "support": 379.0
        },
        "1": {
            "precision": 0.62,
            "recall": 0.4492753623188406,
            "f1-score": 0.5210084033613446,
            "support": 69.0
        },
        "accuracy": 0.8727678571428571,
        "macro avg": {
            "precision": 0.7622613065326633,
            "recall": 0.6995717180987342,
            "f1-score": 0.7238246650011356,
            "support": 448.0
        },
        "weighted avg": {
            "precision": 0.8607010498923187,
            "recall": 0.8727678571428571,
            "f1-score": 0.8641662746179554,
            "support": 448.0
        }
    },
    "f1": 0.5210084033613446
}