{
    "accuracy": 0.8705357142857143,
    "classification_report": {
        "0": {
            "precision": 0.8794326241134752,
            "recall": 0.9815303430079155,
            "f1-score": 0.9276807980049875,
            "support": 379.0
        },
        "1": {
            "precision": 0.72,
            "recall": 0.2608695652173913,
            "f1-score": 0.3829787234042553,
            "support": 69.0
        },
        "accuracy": 0.8705357142857143,
        "macro avg": {
            "precision": 0.7997163120567377,
            "recall": 0.6211999541126534,
            "f1-score": 0.6553297607046213,
            "support": 448.0
        },
        "weighted avg": {
            "precision": 0.8548771529888552,
            "recall": 0.8705357142857143,
            "f1-score": 0.843786951693714,
            "support": 448.0
        }
    }
}